<?xml version="1.0" encoding="UTF-8"?>
<manifest identifier="com.example.course" version="1.0" xmlns="http://www.imsglobal.org/xsd/imscp_v1p1" xmlns:adlcp="http://www.adlnet.org/xsd/adlcp_v1p3" xmlns:adlseq="http://www.adlnet.org/xsd/adlseq_v1p3" xmlns:adlnav="http://www.adlnet.org/xsd/adlnav_v1p3" xmlns:imsss="http://www.imsglobal.org/xsd/imsss">
  <!-- Definición del identificador y versión del paquete -->
  <metadata>
    <schema>ADL SCORM</schema>
    <schemaversion>1.2</schemaversion>
    <lom>
      <general>
        <!-- Título del curso -->
        <title>
          <langstring xml:lang="en">Example Course</langstring>
        </title>
        <!-- Descripción del curso -->
        <description>
          <langstring xml:lang="en">This is an example SCORM course.</langstring>
        </description>
        <!-- Idioma del curso -->
        <language>en</language>
      </general>
    </lom>
  </metadata>
  <!-- Definición de la estructura organizativa del contenido -->
  <organizations default="organization">
    <organization identifier="organization">
      <!-- Título de la organización -->
      <title>
        <langstring xml:lang="en">Organization 1</langstring>
      </title>
      <!-- Definición de un elemento de contenido -->
      <item identifier="item_1" identifierref="resource_1">
        <!-- Título del elemento de contenido -->
        <title>
          <langstring xml:lang="en">Introduction</langstring>
        </title>
      </item>
    </organization>
  </organizations>
  <!-- Definición de los recursos utilizados en el contenido -->
  <resources>
    <resource identifier="resource_1" type="webcontent" href="files\datos_generales.html">
      <!-- Enlace al archivo HTML del recurso -->
      <file href="files\estilos.css" />
      <file href="files\estudiante.js" />
      <file href="files\function.js" />
      <file href="files\historia.css" />
      <file href="files\historia.html" />
      <file href="files\previa.html" />
    </resource>
  </resources>
</manifest>
